{"cameraMode":{"drawMode":0,"name":"Shaded","section":"Shading Mode"},"sceneLighting":false,"audioPlay":false,"sceneViewState":{"showFog":true,"showMaterialUpdate":false,"showSkybox":true,"showFlares":true,"showImageEffects":true,"showParticleSystems":true},"in2DMode":false,"pivot":{"x":14.561922073364258,"y":6.6970109939575199,"z":-5.063706398010254},"rotation":{"x":-0.21486245095729829,"y":0.5732971429824829,"z":-0.15904127061367036,"w":-0.7745199799537659},"size":5.407395362854004,"orthographic":false}